run_signature,run_id,search_stage,dataset_id,dataset_label,profile_id,family,description,preselection_method,seed,is_baseline,benchmark_id,refused,refusal_reasons,benchmark_warning_count,run_warning_count,retained_models,retained_items,selected_items_final,selected_items_preselect,joint_available,best_available_model_type,best_available_test_rmse,best_available_test_mae,best_available_test_pearson,best_available_test_spearman,marginal_test_rmse,marginal_test_mae,marginal_test_pearson,marginal_test_spearman,joint_test_rmse,joint_test_mae,joint_test_pearson,joint_test_spearman,run_runtime_seconds,stage01_runtime_seconds,stage04_runtime_seconds,stage09_runtime_seconds,requested_drop_low_tail_models_quantile,effective_drop_low_tail_models_quantile,requested_min_item_sd,effective_min_item_sd,requested_max_item_mean,effective_max_item_mean,requested_min_abs_point_biserial,effective_min_abs_point_biserial,requested_min_models_per_item,effective_min_models_per_item,requested_min_item_coverage,effective_min_item_coverage
portfolio_optimize::ollb_v1_metabench_source__release_default_subset_20260405::psychometric_default::random_cv::seed-7,portfolio_optimize__ollb_v1_metabench_source__release_default_subset_20260405__psychometric_default__random_cv__seed-7,portfolio_optimize,ollb_v1_metabench_source__release_default_subset_20260405,Open LLM Leaderboard v1 / MetaBench-source (local release-default subset export),psychometric_default,psychometric_default,spec-aligned psychometric defaults,random_cv,7,True,ollb_v1_metabench_source__release_default_subset_20260405__arc,False,,0,6,180,56,30,40,True,joint,3.2159664321873533,2.510947535927809,0.9813416640873764,0.9786711390359413,3.8770753049162914,2.9494880502314,0.9734120327017951,0.9833521133374935,3.2159664321873533,2.510947535927809,0.9813416640873764,0.9786711390359413,27.03394412389025,1.551922457991168,8.334441250073723,6.475828666007146,0.001,0.001,0.01,0.01,0.95,0.95,0.05,0.05,40,40,0.8,0.8
portfolio_optimize::ollb_v1_metabench_source__release_default_subset_20260405::psychometric_default::random_cv::seed-7,portfolio_optimize__ollb_v1_metabench_source__release_default_subset_20260405__psychometric_default__random_cv__seed-7,portfolio_optimize,ollb_v1_metabench_source__release_default_subset_20260405,Open LLM Leaderboard v1 / MetaBench-source (local release-default subset export),psychometric_default,psychometric_default,spec-aligned psychometric defaults,random_cv,7,True,ollb_v1_metabench_source__release_default_subset_20260405__gsm8k,False,,0,6,180,60,30,40,True,joint,6.247931715595598,5.082943799604359,0.9806299908199686,0.9725594715738913,6.518117011691742,5.291683556751894,0.9793691084318877,0.9725594715738913,6.247931715595598,5.082943799604359,0.9806299908199686,0.9725594715738913,27.03394412389025,1.551922457991168,8.334441250073723,6.475828666007146,0.001,0.001,0.01,0.01,0.95,0.95,0.05,0.05,40,40,0.8,0.8
portfolio_optimize::ollb_v1_metabench_source__release_default_subset_20260405::psychometric_default::random_cv::seed-7,portfolio_optimize__ollb_v1_metabench_source__release_default_subset_20260405__psychometric_default__random_cv__seed-7,portfolio_optimize,ollb_v1_metabench_source__release_default_subset_20260405,Open LLM Leaderboard v1 / MetaBench-source (local release-default subset export),psychometric_default,psychometric_default,spec-aligned psychometric defaults,random_cv,7,True,ollb_v1_metabench_source__release_default_subset_20260405__hellaswag,False,,0,6,180,42,30,40,True,marginal,1.740946168601094,1.1364518209204726,0.9960229768663502,0.9885906877056275,1.740946168601094,1.1364518209204726,0.9960229768663502,0.9885906877056275,1.7477306669591026,1.2832487883557129,0.9959685442733859,0.9849667484280902,27.03394412389025,1.551922457991168,8.334441250073723,6.475828666007146,0.001,0.001,0.01,0.01,0.95,0.95,0.05,0.05,40,40,0.8,0.8
portfolio_optimize::ollb_v1_metabench_source__release_default_subset_20260405::psychometric_default::random_cv::seed-7,portfolio_optimize__ollb_v1_metabench_source__release_default_subset_20260405__psychometric_default__random_cv__seed-7,portfolio_optimize,ollb_v1_metabench_source__release_default_subset_20260405,Open LLM Leaderboard v1 / MetaBench-source (local release-default subset export),psychometric_default,psychometric_default,spec-aligned psychometric defaults,random_cv,7,True,ollb_v1_metabench_source__release_default_subset_20260405__mmlu,False,,0,6,180,58,30,40,True,joint,3.181044449621507,2.757718275737314,0.9847344026901899,0.949632044479052,2.927054005851208,2.19749697867264,0.9871418490692543,0.9828795558831327,3.181044449621507,2.757718275737314,0.9847344026901899,0.949632044479052,27.03394412389025,1.551922457991168,8.334441250073723,6.475828666007146,0.001,0.001,0.01,0.01,0.95,0.95,0.05,0.05,40,40,0.8,0.8
portfolio_optimize::ollb_v1_metabench_source__release_default_subset_20260405::psychometric_default::random_cv::seed-7,portfolio_optimize__ollb_v1_metabench_source__release_default_subset_20260405__psychometric_default__random_cv__seed-7,portfolio_optimize,ollb_v1_metabench_source__release_default_subset_20260405,Open LLM Leaderboard v1 / MetaBench-source (local release-default subset export),psychometric_default,psychometric_default,spec-aligned psychometric defaults,random_cv,7,True,ollb_v1_metabench_source__release_default_subset_20260405__truthfulqa,False,,0,6,180,52,30,40,True,joint,3.5086233591863123,2.4743076640560298,0.9741631614203796,0.9787927209017548,4.1519731929439265,3.4275710044629246,0.9645081012056858,0.9736193978525912,3.5086233591863123,2.4743076640560298,0.9741631614203796,0.9787927209017548,27.03394412389025,1.551922457991168,8.334441250073723,6.475828666007146,0.001,0.001,0.01,0.01,0.95,0.95,0.05,0.05,40,40,0.8,0.8
portfolio_optimize::ollb_v1_metabench_source__release_default_subset_20260405::psychometric_default::random_cv::seed-7,portfolio_optimize__ollb_v1_metabench_source__release_default_subset_20260405__psychometric_default__random_cv__seed-7,portfolio_optimize,ollb_v1_metabench_source__release_default_subset_20260405,Open LLM Leaderboard v1 / MetaBench-source (local release-default subset export),psychometric_default,psychometric_default,spec-aligned psychometric defaults,random_cv,7,True,ollb_v1_metabench_source__release_default_subset_20260405__winogrande,False,,0,6,180,47,30,40,True,joint,2.376229054332872,2.076471463939955,0.983669925975504,0.9544123443115805,2.984213755152444,2.4201725772676332,0.9757042152604094,0.9409407259879644,2.376229054332872,2.076471463939955,0.983669925975504,0.9544123443115805,27.03394412389025,1.551922457991168,8.334441250073723,6.475828666007146,0.001,0.001,0.01,0.01,0.95,0.95,0.05,0.05,40,40,0.8,0.8
portfolio_optimize::ollb_v1_metabench_source__release_default_subset_20260405::psychometric_default::deterministic_info::seed-7,portfolio_optimize__ollb_v1_metabench_source__release_default_subset_20260405__psychometric_default__deterministic_info__seed-7,portfolio_optimize,ollb_v1_metabench_source__release_default_subset_20260405,Open LLM Leaderboard v1 / MetaBench-source (local release-default subset export),psychometric_default,psychometric_default,spec-aligned psychometric defaults,deterministic_info,7,True,ollb_v1_metabench_source__release_default_subset_20260405__arc,False,,0,6,180,56,30,40,True,marginal,3.517537695546684,2.69277444604896,0.9773670171566535,0.9781326222900546,3.517537695546684,2.69277444604896,0.9773670171566535,0.9781326222900546,3.738386851249633,2.798257603897159,0.9775862554899802,0.977627779612662,18.732058332068846,1.3241673330776393,0.9489962919615209,6.48130520794075,0.001,0.001,0.01,0.01,0.95,0.95,0.05,0.05,40,40,0.8,0.8
portfolio_optimize::ollb_v1_metabench_source__release_default_subset_20260405::psychometric_default::deterministic_info::seed-7,portfolio_optimize__ollb_v1_metabench_source__release_default_subset_20260405__psychometric_default__deterministic_info__seed-7,portfolio_optimize,ollb_v1_metabench_source__release_default_subset_20260405,Open LLM Leaderboard v1 / MetaBench-source (local release-default subset export),psychometric_default,psychometric_default,spec-aligned psychometric defaults,deterministic_info,7,True,ollb_v1_metabench_source__release_default_subset_20260405__gsm8k,False,,0,6,180,60,30,40,True,marginal,5.246132692313264,4.1403936634596565,0.9829230140490554,0.9818811278509575,5.246132692313264,4.1403936634596565,0.9829230140490554,0.9818811278509575,5.20159567368059,3.98847227319719,0.983764669822589,0.9735952111602322,18.732058332068846,1.3241673330776393,0.9489962919615209,6.48130520794075,0.001,0.001,0.01,0.01,0.95,0.95,0.05,0.05,40,40,0.8,0.8
portfolio_optimize::ollb_v1_metabench_source__release_default_subset_20260405::psychometric_default::deterministic_info::seed-7,portfolio_optimize__ollb_v1_metabench_source__release_default_subset_20260405__psychometric_default__deterministic_info__seed-7,portfolio_optimize,ollb_v1_metabench_source__release_default_subset_20260405,Open LLM Leaderboard v1 / MetaBench-source (local release-default subset export),psychometric_default,psychometric_default,spec-aligned psychometric defaults,deterministic_info,7,True,ollb_v1_metabench_source__release_default_subset_20260405__hellaswag,False,,0,6,180,42,30,40,True,joint,2.3066389516282952,1.6857587048077736,0.992950151071546,0.9756256517622812,2.285017680611956,1.7677409238382455,0.9930469082806531,0.9719757181643564,2.3066389516282952,1.6857587048077736,0.992950151071546,0.9756256517622812,18.732058332068846,1.3241673330776393,0.9489962919615209,6.48130520794075,0.001,0.001,0.01,0.01,0.95,0.95,0.05,0.05,40,40,0.8,0.8
portfolio_optimize::ollb_v1_metabench_source__release_default_subset_20260405::psychometric_default::deterministic_info::seed-7,portfolio_optimize__ollb_v1_metabench_source__release_default_subset_20260405__psychometric_default__deterministic_info__seed-7,portfolio_optimize,ollb_v1_metabench_source__release_default_subset_20260405,Open LLM Leaderboard v1 / MetaBench-source (local release-default subset export),psychometric_default,psychometric_default,spec-aligned psychometric defaults,deterministic_info,7,True,ollb_v1_metabench_source__release_default_subset_20260405__mmlu,False,,0,6,180,58,30,40,True,marginal,3.671024999354481,3.0082231442366987,0.9816244853405071,0.9646757279013891,3.671024999354481,3.0082231442366987,0.9816244853405071,0.9646757279013891,3.261707698295486,2.6961955880619635,0.9847321631960734,0.9787236169576226,18.732058332068846,1.3241673330776393,0.9489962919615209,6.48130520794075,0.001,0.001,0.01,0.01,0.95,0.95,0.05,0.05,40,40,0.8,0.8
portfolio_optimize::ollb_v1_metabench_source__release_default_subset_20260405::psychometric_default::deterministic_info::seed-7,portfolio_optimize__ollb_v1_metabench_source__release_default_subset_20260405__psychometric_default__deterministic_info__seed-7,portfolio_optimize,ollb_v1_metabench_source__release_default_subset_20260405,Open LLM Leaderboard v1 / MetaBench-source (local release-default subset export),psychometric_default,psychometric_default,spec-aligned psychometric defaults,deterministic_info,7,True,ollb_v1_metabench_source__release_default_subset_20260405__truthfulqa,False,,0,6,180,52,30,40,True,joint,2.59378795687386,2.06591424485619,0.986785462037639,0.9932780254394129,2.7808482461167254,2.212107790413676,0.9851871645206881,0.9953473546590783,2.59378795687386,2.06591424485619,0.986785462037639,0.9932780254394129,18.732058332068846,1.3241673330776393,0.9489962919615209,6.48130520794075,0.001,0.001,0.01,0.01,0.95,0.95,0.05,0.05,40,40,0.8,0.8
portfolio_optimize::ollb_v1_metabench_source__release_default_subset_20260405::psychometric_default::deterministic_info::seed-7,portfolio_optimize__ollb_v1_metabench_source__release_default_subset_20260405__psychometric_default__deterministic_info__seed-7,portfolio_optimize,ollb_v1_metabench_source__release_default_subset_20260405,Open LLM Leaderboard v1 / MetaBench-source (local release-default subset export),psychometric_default,psychometric_default,spec-aligned psychometric defaults,deterministic_info,7,True,ollb_v1_metabench_source__release_default_subset_20260405__winogrande,False,,0,6,180,47,30,40,True,joint,2.3425840455593687,1.8173198905553842,0.9876514798095367,0.9886095292869141,2.533481227819309,1.8481987601116556,0.989289791216954,0.9689202409677825,2.3425840455593687,1.8173198905553842,0.9876514798095367,0.9886095292869141,18.732058332068846,1.3241673330776393,0.9489962919615209,6.48130520794075,0.001,0.001,0.01,0.01,0.95,0.95,0.05,0.05,40,40,0.8,0.8
portfolio_optimize::ollb_v1_metabench_source__release_default_subset_20260405::reconstruction_first::random_cv::seed-7,portfolio_optimize__ollb_v1_metabench_source__release_default_subset_20260405__reconstruction_first__random_cv__seed-7,portfolio_optimize,ollb_v1_metabench_source__release_default_subset_20260405,Open LLM Leaderboard v1 / MetaBench-source (local release-default subset export),reconstruction_first,reconstruction_first,current reconstruction-first defaults,random_cv,7,False,ollb_v1_metabench_source__release_default_subset_20260405__arc,False,,0,6,180,58,30,40,True,joint,4.095048371267341,2.708727350244022,0.9677291132251085,0.958557457641924,4.2045858084824665,2.79064333796216,0.966042773363937,0.9316142209946915,4.095048371267341,2.708727350244022,0.9677291132251085,0.958557457641924,32.7399767478928,1.1836173329502344,6.958726915996522,10.929824916063808,0.002,0.002,0.0,0.0,0.99,0.99,0.0,0.0,40,40,0.7,0.7
portfolio_optimize::ollb_v1_metabench_source__release_default_subset_20260405::reconstruction_first::random_cv::seed-7,portfolio_optimize__ollb_v1_metabench_source__release_default_subset_20260405__reconstruction_first__random_cv__seed-7,portfolio_optimize,ollb_v1_metabench_source__release_default_subset_20260405,Open LLM Leaderboard v1 / MetaBench-source (local release-default subset export),reconstruction_first,reconstruction_first,current reconstruction-first defaults,random_cv,7,False,ollb_v1_metabench_source__release_default_subset_20260405__gsm8k,False,,0,6,180,60,30,40,True,marginal,5.612890439467598,4.404323230262374,0.9819706869672886,0.9771789489996794,5.612890439467598,4.404323230262374,0.9819706869672886,0.9771789489996794,4.876478606243213,4.13961696761022,0.9872693513056988,0.9865472005464325,32.7399767478928,1.1836173329502344,6.958726915996522,10.929824916063808,0.002,0.002,0.0,0.0,0.99,0.99,0.0,0.0,40,40,0.7,0.7
portfolio_optimize::ollb_v1_metabench_source__release_default_subset_20260405::reconstruction_first::random_cv::seed-7,portfolio_optimize__ollb_v1_metabench_source__release_default_subset_20260405__reconstruction_first__random_cv__seed-7,portfolio_optimize,ollb_v1_metabench_source__release_default_subset_20260405,Open LLM Leaderboard v1 / MetaBench-source (local release-default subset export),reconstruction_first,reconstruction_first,current reconstruction-first defaults,random_cv,7,False,ollb_v1_metabench_source__release_default_subset_20260405__hellaswag,False,,0,6,180,59,30,40,True,marginal,2.9284738312826115,1.8465709462101185,0.9874217995589432,0.9709430411673844,2.9284738312826115,1.8465709462101185,0.9874217995589432,0.9709430411673844,3.583396006818194,2.2668085970921976,0.9810970139111264,0.9532895313279774,32.7399767478928,1.1836173329502344,6.958726915996522,10.929824916063808,0.002,0.002,0.0,0.0,0.99,0.99,0.0,0.0,40,40,0.7,0.7
portfolio_optimize::ollb_v1_metabench_source__release_default_subset_20260405::reconstruction_first::random_cv::seed-7,portfolio_optimize__ollb_v1_metabench_source__release_default_subset_20260405__reconstruction_first__random_cv__seed-7,portfolio_optimize,ollb_v1_metabench_source__release_default_subset_20260405,Open LLM Leaderboard v1 / MetaBench-source (local release-default subset export),reconstruction_first,reconstruction_first,current reconstruction-first defaults,random_cv,7,False,ollb_v1_metabench_source__release_default_subset_20260405__mmlu,False,,0,6,180,60,30,40,True,joint,3.5335512882101474,2.88098707377181,0.9817685513221279,0.9860476967108819,4.2845532150608365,2.8871345541242954,0.9730540501050162,0.9808797318434245,3.5335512882101474,2.88098707377181,0.9817685513221279,0.9860476967108819,32.7399767478928,1.1836173329502344,6.958726915996522,10.929824916063808,0.002,0.002,0.0,0.0,0.99,0.99,0.0,0.0,40,40,0.7,0.7
portfolio_optimize::ollb_v1_metabench_source__release_default_subset_20260405::reconstruction_first::random_cv::seed-7,portfolio_optimize__ollb_v1_metabench_source__release_default_subset_20260405__reconstruction_first__random_cv__seed-7,portfolio_optimize,ollb_v1_metabench_source__release_default_subset_20260405,Open LLM Leaderboard v1 / MetaBench-source (local release-default subset export),reconstruction_first,reconstruction_first,current reconstruction-first defaults,random_cv,7,False,ollb_v1_metabench_source__release_default_subset_20260405__truthfulqa,False,,0,6,180,52,30,40,True,joint,3.5755463198451656,2.681085946400616,0.9765503149281285,0.9741247803926475,3.7032357955374433,2.877776493394475,0.9733678297470897,0.9730895787131655,3.5755463198451656,2.681085946400616,0.9765503149281285,0.9741247803926475,32.7399767478928,1.1836173329502344,6.958726915996522,10.929824916063808,0.002,0.002,0.0,0.0,0.99,0.99,0.0,0.0,40,40,0.7,0.7
portfolio_optimize::ollb_v1_metabench_source__release_default_subset_20260405::reconstruction_first::random_cv::seed-7,portfolio_optimize__ollb_v1_metabench_source__release_default_subset_20260405__reconstruction_first__random_cv__seed-7,portfolio_optimize,ollb_v1_metabench_source__release_default_subset_20260405,Open LLM Leaderboard v1 / MetaBench-source (local release-default subset export),reconstruction_first,reconstruction_first,current reconstruction-first defaults,random_cv,7,False,ollb_v1_metabench_source__release_default_subset_20260405__winogrande,False,,0,6,180,60,30,40,True,marginal,3.510822803720863,2.8410844875313592,0.9386107727322619,0.9010934401163849,3.510822803720863,2.8410844875313592,0.9386107727322619,0.9010934401163849,3.3215053856304992,2.7979062943460073,0.945406080225618,0.9031649192890663,32.7399767478928,1.1836173329502344,6.958726915996522,10.929824916063808,0.002,0.002,0.0,0.0,0.99,0.99,0.0,0.0,40,40,0.7,0.7
portfolio_optimize::ollb_v1_metabench_source__release_default_subset_20260405::reconstruction_first::deterministic_info::seed-7,portfolio_optimize__ollb_v1_metabench_source__release_default_subset_20260405__reconstruction_first__deterministic_info__seed-7,portfolio_optimize,ollb_v1_metabench_source__release_default_subset_20260405,Open LLM Leaderboard v1 / MetaBench-source (local release-default subset export),reconstruction_first,reconstruction_first,current reconstruction-first defaults,deterministic_info,7,False,ollb_v1_metabench_source__release_default_subset_20260405__arc,False,,0,6,180,58,30,40,True,marginal,4.488584204798919,2.9920299901561975,0.9610705980646077,0.9616662926396816,4.488584204798919,2.9920299901561975,0.9610705980646077,0.9616662926396816,4.214721790347981,3.0009559487558732,0.9670655669073884,0.9461221176508936,24.73198849882465,1.533970250049606,0.9975369999883696,6.355543458019383,0.002,0.002,0.0,0.0,0.99,0.99,0.0,0.0,40,40,0.7,0.7
portfolio_optimize::ollb_v1_metabench_source__release_default_subset_20260405::reconstruction_first::deterministic_info::seed-7,portfolio_optimize__ollb_v1_metabench_source__release_default_subset_20260405__reconstruction_first__deterministic_info__seed-7,portfolio_optimize,ollb_v1_metabench_source__release_default_subset_20260405,Open LLM Leaderboard v1 / MetaBench-source (local release-default subset export),reconstruction_first,reconstruction_first,current reconstruction-first defaults,deterministic_info,7,False,ollb_v1_metabench_source__release_default_subset_20260405__gsm8k,False,,0,6,180,60,30,40,True,marginal,4.766224469351963,3.8383460597370487,0.9871609615678082,0.9787707591489497,4.766224469351963,3.8383460597370487,0.9871609615678082,0.9787707591489497,4.663869054398489,3.5324978941664154,0.9881266185018422,0.9710191753542011,24.73198849882465,1.533970250049606,0.9975369999883696,6.355543458019383,0.002,0.002,0.0,0.0,0.99,0.99,0.0,0.0,40,40,0.7,0.7
portfolio_optimize::ollb_v1_metabench_source__release_default_subset_20260405::reconstruction_first::deterministic_info::seed-7,portfolio_optimize__ollb_v1_metabench_source__release_default_subset_20260405__reconstruction_first__deterministic_info__seed-7,portfolio_optimize,ollb_v1_metabench_source__release_default_subset_20260405,Open LLM Leaderboard v1 / MetaBench-source (local release-default subset export),reconstruction_first,reconstruction_first,current reconstruction-first defaults,deterministic_info,7,False,ollb_v1_metabench_source__release_default_subset_20260405__hellaswag,False,,0,6,180,59,30,40,True,marginal,2.6358798991769534,1.8925934503461381,0.9924561709268588,0.9574182288482243,2.6358798991769534,1.8925934503461381,0.9924561709268588,0.9574182288482243,2.986846917895322,1.9848556916517524,0.9906171364734883,0.9491357643069405,24.73198849882465,1.533970250049606,0.9975369999883696,6.355543458019383,0.002,0.002,0.0,0.0,0.99,0.99,0.0,0.0,40,40,0.7,0.7
portfolio_optimize::ollb_v1_metabench_source__release_default_subset_20260405::reconstruction_first::deterministic_info::seed-7,portfolio_optimize__ollb_v1_metabench_source__release_default_subset_20260405__reconstruction_first__deterministic_info__seed-7,portfolio_optimize,ollb_v1_metabench_source__release_default_subset_20260405,Open LLM Leaderboard v1 / MetaBench-source (local release-default subset export),reconstruction_first,reconstruction_first,current reconstruction-first defaults,deterministic_info,7,False,ollb_v1_metabench_source__release_default_subset_20260405__mmlu,False,,0,6,180,60,30,40,True,joint,4.418765186722241,3.8739618767369097,0.9750401795363661,0.9529727215591541,4.447687298423752,3.675859654066949,0.9748620413574144,0.9622750583205777,4.418765186722241,3.8739618767369097,0.9750401795363661,0.9529727215591541,24.73198849882465,1.533970250049606,0.9975369999883696,6.355543458019383,0.002,0.002,0.0,0.0,0.99,0.99,0.0,0.0,40,40,0.7,0.7
portfolio_optimize::ollb_v1_metabench_source__release_default_subset_20260405::reconstruction_first::deterministic_info::seed-7,portfolio_optimize__ollb_v1_metabench_source__release_default_subset_20260405__reconstruction_first__deterministic_info__seed-7,portfolio_optimize,ollb_v1_metabench_source__release_default_subset_20260405,Open LLM Leaderboard v1 / MetaBench-source (local release-default subset export),reconstruction_first,reconstruction_first,current reconstruction-first defaults,deterministic_info,7,False,ollb_v1_metabench_source__release_default_subset_20260405__truthfulqa,False,,0,6,180,52,30,40,True,joint,4.041510636429174,3.2603446681757435,0.9695773911253739,0.9741247803926475,3.7377822987131624,3.045567497312488,0.9733213377531807,0.98033599046954,4.041510636429174,3.2603446681757435,0.9695773911253739,0.9741247803926475,24.73198849882465,1.533970250049606,0.9975369999883696,6.355543458019383,0.002,0.002,0.0,0.0,0.99,0.99,0.0,0.0,40,40,0.7,0.7
portfolio_optimize::ollb_v1_metabench_source__release_default_subset_20260405::reconstruction_first::deterministic_info::seed-7,portfolio_optimize__ollb_v1_metabench_source__release_default_subset_20260405__reconstruction_first__deterministic_info__seed-7,portfolio_optimize,ollb_v1_metabench_source__release_default_subset_20260405,Open LLM Leaderboard v1 / MetaBench-source (local release-default subset export),reconstruction_first,reconstruction_first,current reconstruction-first defaults,deterministic_info,7,False,ollb_v1_metabench_source__release_default_subset_20260405__winogrande,False,,0,6,180,60,30,40,True,joint,2.2376305293201666,1.7187590512767414,0.9762545137539858,0.976702429919254,2.8464229320908045,2.2133543898934898,0.9647557409349868,0.9570233777787813,2.2376305293201666,1.7187590512767414,0.9762545137539858,0.976702429919254,24.73198849882465,1.533970250049606,0.9975369999883696,6.355543458019383,0.002,0.002,0.0,0.0,0.99,0.99,0.0,0.0,40,40,0.7,0.7
portfolio_optimize::ollb_v1_metabench_source__release_default_subset_20260405::reconstruction_first_relaxed::deterministic_info::seed-7,portfolio_optimize__ollb_v1_metabench_source__release_default_subset_20260405__reconstruction_first_relaxed__deterministic_info__seed-7,portfolio_optimize,ollb_v1_metabench_source__release_default_subset_20260405,Open LLM Leaderboard v1 / MetaBench-source (local release-default subset export),reconstruction_first_relaxed,reconstruction_first_relaxed,reconstruction-first without the low-tail trim,deterministic_info,7,False,ollb_v1_metabench_source__release_default_subset_20260405__arc,False,,0,6,180,58,30,40,True,marginal,4.488584204798919,2.9920299901561975,0.9610705980646077,0.9616662926396816,4.488584204798919,2.9920299901561975,0.9610705980646077,0.9616662926396816,4.214721790347981,3.0009559487558732,0.9670655669073884,0.9461221176508936,21.478737708064727,1.199835249921307,0.6765201250091195,8.78593366604764,0.0,0.0,0.0,0.0,0.99,0.99,0.0,0.0,40,40,0.7,0.7
portfolio_optimize::ollb_v1_metabench_source__release_default_subset_20260405::reconstruction_first_relaxed::deterministic_info::seed-7,portfolio_optimize__ollb_v1_metabench_source__release_default_subset_20260405__reconstruction_first_relaxed__deterministic_info__seed-7,portfolio_optimize,ollb_v1_metabench_source__release_default_subset_20260405,Open LLM Leaderboard v1 / MetaBench-source (local release-default subset export),reconstruction_first_relaxed,reconstruction_first_relaxed,reconstruction-first without the low-tail trim,deterministic_info,7,False,ollb_v1_metabench_source__release_default_subset_20260405__gsm8k,False,,0,6,180,60,30,40,True,marginal,4.766224469351963,3.8383460597370487,0.9871609615678082,0.9787707591489497,4.766224469351963,3.8383460597370487,0.9871609615678082,0.9787707591489497,4.663869054398489,3.5324978941664154,0.9881266185018422,0.9710191753542011,21.478737708064727,1.199835249921307,0.6765201250091195,8.78593366604764,0.0,0.0,0.0,0.0,0.99,0.99,0.0,0.0,40,40,0.7,0.7
portfolio_optimize::ollb_v1_metabench_source__release_default_subset_20260405::reconstruction_first_relaxed::deterministic_info::seed-7,portfolio_optimize__ollb_v1_metabench_source__release_default_subset_20260405__reconstruction_first_relaxed__deterministic_info__seed-7,portfolio_optimize,ollb_v1_metabench_source__release_default_subset_20260405,Open LLM Leaderboard v1 / MetaBench-source (local release-default subset export),reconstruction_first_relaxed,reconstruction_first_relaxed,reconstruction-first without the low-tail trim,deterministic_info,7,False,ollb_v1_metabench_source__release_default_subset_20260405__hellaswag,False,,0,6,180,59,30,40,True,marginal,2.6358798991769534,1.8925934503461381,0.9924561709268588,0.9574182288482243,2.6358798991769534,1.8925934503461381,0.9924561709268588,0.9574182288482243,2.986846917895322,1.9848556916517524,0.9906171364734883,0.9491357643069405,21.478737708064727,1.199835249921307,0.6765201250091195,8.78593366604764,0.0,0.0,0.0,0.0,0.99,0.99,0.0,0.0,40,40,0.7,0.7
portfolio_optimize::ollb_v1_metabench_source__release_default_subset_20260405::reconstruction_first_relaxed::deterministic_info::seed-7,portfolio_optimize__ollb_v1_metabench_source__release_default_subset_20260405__reconstruction_first_relaxed__deterministic_info__seed-7,portfolio_optimize,ollb_v1_metabench_source__release_default_subset_20260405,Open LLM Leaderboard v1 / MetaBench-source (local release-default subset export),reconstruction_first_relaxed,reconstruction_first_relaxed,reconstruction-first without the low-tail trim,deterministic_info,7,False,ollb_v1_metabench_source__release_default_subset_20260405__mmlu,False,,0,6,180,60,30,40,True,joint,4.418765186722241,3.8739618767369097,0.9750401795363661,0.9529727215591541,4.447687298423752,3.675859654066949,0.9748620413574144,0.9622750583205777,4.418765186722241,3.8739618767369097,0.9750401795363661,0.9529727215591541,21.478737708064727,1.199835249921307,0.6765201250091195,8.78593366604764,0.0,0.0,0.0,0.0,0.99,0.99,0.0,0.0,40,40,0.7,0.7
portfolio_optimize::ollb_v1_metabench_source__release_default_subset_20260405::reconstruction_first_relaxed::deterministic_info::seed-7,portfolio_optimize__ollb_v1_metabench_source__release_default_subset_20260405__reconstruction_first_relaxed__deterministic_info__seed-7,portfolio_optimize,ollb_v1_metabench_source__release_default_subset_20260405,Open LLM Leaderboard v1 / MetaBench-source (local release-default subset export),reconstruction_first_relaxed,reconstruction_first_relaxed,reconstruction-first without the low-tail trim,deterministic_info,7,False,ollb_v1_metabench_source__release_default_subset_20260405__truthfulqa,False,,0,6,180,52,30,40,True,joint,4.041510636429174,3.2603446681757435,0.9695773911253739,0.9741247803926475,3.7377822987131624,3.045567497312488,0.9733213377531807,0.98033599046954,4.041510636429174,3.2603446681757435,0.9695773911253739,0.9741247803926475,21.478737708064727,1.199835249921307,0.6765201250091195,8.78593366604764,0.0,0.0,0.0,0.0,0.99,0.99,0.0,0.0,40,40,0.7,0.7
portfolio_optimize::ollb_v1_metabench_source__release_default_subset_20260405::reconstruction_first_relaxed::deterministic_info::seed-7,portfolio_optimize__ollb_v1_metabench_source__release_default_subset_20260405__reconstruction_first_relaxed__deterministic_info__seed-7,portfolio_optimize,ollb_v1_metabench_source__release_default_subset_20260405,Open LLM Leaderboard v1 / MetaBench-source (local release-default subset export),reconstruction_first_relaxed,reconstruction_first_relaxed,reconstruction-first without the low-tail trim,deterministic_info,7,False,ollb_v1_metabench_source__release_default_subset_20260405__winogrande,False,,0,6,180,60,30,40,True,joint,2.2376305293201666,1.7187590512767414,0.9762545137539858,0.976702429919254,2.8464229320908045,2.2133543898934898,0.9647557409349868,0.9570233777787813,2.2376305293201666,1.7187590512767414,0.9762545137539858,0.976702429919254,21.478737708064727,1.199835249921307,0.6765201250091195,8.78593366604764,0.0,0.0,0.0,0.0,0.99,0.99,0.0,0.0,40,40,0.7,0.7
portfolio_optimize::ollb_v1_metabench_source__release_default_subset_20260405::minimal_cleaning::deterministic_info::seed-7,portfolio_optimize__ollb_v1_metabench_source__release_default_subset_20260405__minimal_cleaning__deterministic_info__seed-7,portfolio_optimize,ollb_v1_metabench_source__release_default_subset_20260405,Open LLM Leaderboard v1 / MetaBench-source (local release-default subset export),minimal_cleaning,minimal_cleaning,minimal cleaning challenger,deterministic_info,7,False,ollb_v1_metabench_source__release_default_subset_20260405__arc,False,,0,6,180,58,30,40,True,marginal,4.488584204798919,2.9920299901561975,0.9610705980646077,0.9616662926396816,4.488584204798919,2.9920299901561975,0.9610705980646077,0.9616662926396816,4.214721790347981,3.0009559487558732,0.9670655669073884,0.9461221176508936,28.81637595803477,2.548001041985117,1.329817375051789,10.049489500001073,0.0,0.0,0.0,0.0,1.0,1.0,0.0,0.0,1,36,0.7,0.7
portfolio_optimize::ollb_v1_metabench_source__release_default_subset_20260405::minimal_cleaning::deterministic_info::seed-7,portfolio_optimize__ollb_v1_metabench_source__release_default_subset_20260405__minimal_cleaning__deterministic_info__seed-7,portfolio_optimize,ollb_v1_metabench_source__release_default_subset_20260405,Open LLM Leaderboard v1 / MetaBench-source (local release-default subset export),minimal_cleaning,minimal_cleaning,minimal cleaning challenger,deterministic_info,7,False,ollb_v1_metabench_source__release_default_subset_20260405__gsm8k,False,,0,6,180,60,30,40,True,marginal,4.766224469351963,3.8383460597370487,0.9871609615678082,0.9787707591489497,4.766224469351963,3.8383460597370487,0.9871609615678082,0.9787707591489497,4.663869054398489,3.5324978941664154,0.9881266185018422,0.9710191753542011,28.81637595803477,2.548001041985117,1.329817375051789,10.049489500001073,0.0,0.0,0.0,0.0,1.0,1.0,0.0,0.0,1,36,0.7,0.7
portfolio_optimize::ollb_v1_metabench_source__release_default_subset_20260405::minimal_cleaning::deterministic_info::seed-7,portfolio_optimize__ollb_v1_metabench_source__release_default_subset_20260405__minimal_cleaning__deterministic_info__seed-7,portfolio_optimize,ollb_v1_metabench_source__release_default_subset_20260405,Open LLM Leaderboard v1 / MetaBench-source (local release-default subset export),minimal_cleaning,minimal_cleaning,minimal cleaning challenger,deterministic_info,7,False,ollb_v1_metabench_source__release_default_subset_20260405__hellaswag,False,,0,6,180,59,30,40,True,marginal,2.6358798991769534,1.8925934503461381,0.9924561709268588,0.9574182288482243,2.6358798991769534,1.8925934503461381,0.9924561709268588,0.9574182288482243,2.986846917895322,1.9848556916517524,0.9906171364734883,0.9491357643069405,28.81637595803477,2.548001041985117,1.329817375051789,10.049489500001073,0.0,0.0,0.0,0.0,1.0,1.0,0.0,0.0,1,36,0.7,0.7
portfolio_optimize::ollb_v1_metabench_source__release_default_subset_20260405::minimal_cleaning::deterministic_info::seed-7,portfolio_optimize__ollb_v1_metabench_source__release_default_subset_20260405__minimal_cleaning__deterministic_info__seed-7,portfolio_optimize,ollb_v1_metabench_source__release_default_subset_20260405,Open LLM Leaderboard v1 / MetaBench-source (local release-default subset export),minimal_cleaning,minimal_cleaning,minimal cleaning challenger,deterministic_info,7,False,ollb_v1_metabench_source__release_default_subset_20260405__mmlu,False,,0,6,180,60,30,40,True,joint,4.418765186722241,3.8739618767369097,0.9750401795363661,0.9529727215591541,4.447687298423752,3.675859654066949,0.9748620413574144,0.9622750583205777,4.418765186722241,3.8739618767369097,0.9750401795363661,0.9529727215591541,28.81637595803477,2.548001041985117,1.329817375051789,10.049489500001073,0.0,0.0,0.0,0.0,1.0,1.0,0.0,0.0,1,36,0.7,0.7
portfolio_optimize::ollb_v1_metabench_source__release_default_subset_20260405::minimal_cleaning::deterministic_info::seed-7,portfolio_optimize__ollb_v1_metabench_source__release_default_subset_20260405__minimal_cleaning__deterministic_info__seed-7,portfolio_optimize,ollb_v1_metabench_source__release_default_subset_20260405,Open LLM Leaderboard v1 / MetaBench-source (local release-default subset export),minimal_cleaning,minimal_cleaning,minimal cleaning challenger,deterministic_info,7,False,ollb_v1_metabench_source__release_default_subset_20260405__truthfulqa,False,,0,6,180,52,30,40,True,joint,4.041510636429174,3.2603446681757435,0.9695773911253739,0.9741247803926475,3.7377822987131624,3.045567497312488,0.9733213377531807,0.98033599046954,4.041510636429174,3.2603446681757435,0.9695773911253739,0.9741247803926475,28.81637595803477,2.548001041985117,1.329817375051789,10.049489500001073,0.0,0.0,0.0,0.0,1.0,1.0,0.0,0.0,1,36,0.7,0.7
portfolio_optimize::ollb_v1_metabench_source__release_default_subset_20260405::minimal_cleaning::deterministic_info::seed-7,portfolio_optimize__ollb_v1_metabench_source__release_default_subset_20260405__minimal_cleaning__deterministic_info__seed-7,portfolio_optimize,ollb_v1_metabench_source__release_default_subset_20260405,Open LLM Leaderboard v1 / MetaBench-source (local release-default subset export),minimal_cleaning,minimal_cleaning,minimal cleaning challenger,deterministic_info,7,False,ollb_v1_metabench_source__release_default_subset_20260405__winogrande,False,,0,6,180,60,30,40,True,joint,2.2376305293201666,1.7187590512767414,0.9762545137539858,0.976702429919254,2.8464229320908045,2.2133543898934898,0.9647557409349868,0.9570233777787813,2.2376305293201666,1.7187590512767414,0.9762545137539858,0.976702429919254,28.81637595803477,2.548001041985117,1.329817375051789,10.049489500001073,0.0,0.0,0.0,0.0,1.0,1.0,0.0,0.0,1,36,0.7,0.7
portfolio_optimize::openeval__hf_94f8112_20260314::psychometric_default::random_cv::seed-7,portfolio_optimize__openeval__hf_94f8112_20260314__psychometric_default__random_cv__seed-7,portfolio_optimize,openeval__hf_94f8112_20260314,OpenEval item-centered repository (Human-Centered Eval OpenEval public dataset snapshot),psychometric_default,psychometric_default,spec-aligned psychometric defaults,random_cv,7,True,openeval__hf_94f8112_20260314__gpqa,False,,0,6,40,43,26,40,True,joint,3.9263084725148945,3.49310115334688,0.9957086368906352,0.9486832980505139,9.494354271602283,7.396218981638439,0.9730411212332095,0.9486832980505139,3.9263084725148945,3.49310115334688,0.9957086368906352,0.9486832980505139,22.2167537889909,1.1253734159981832,7.270686957985163,4.505933540989645,0.001,0.001,0.01,0.01,0.95,0.95,0.05,0.05,15,15,0.8,0.8
portfolio_optimize::openeval__hf_94f8112_20260314::psychometric_default::random_cv::seed-7,portfolio_optimize__openeval__hf_94f8112_20260314__psychometric_default__random_cv__seed-7,portfolio_optimize,openeval__hf_94f8112_20260314,OpenEval item-centered repository (Human-Centered Eval OpenEval public dataset snapshot),psychometric_default,psychometric_default,spec-aligned psychometric defaults,random_cv,7,True,openeval__hf_94f8112_20260314__ifeval,False,,0,6,40,50,26,40,True,joint,5.0628286120266095,4.116723077988781,0.9878701825096804,1.0,13.998614315125057,9.269784152231534,0.7281854480480301,0.39999999999999997,5.0628286120266095,4.116723077988781,0.9878701825096804,1.0,22.2167537889909,1.1253734159981832,7.270686957985163,4.505933540989645,0.001,0.001,0.01,0.01,0.95,0.95,0.05,0.05,15,15,0.8,0.8
portfolio_optimize::openeval__hf_94f8112_20260314::psychometric_default::random_cv::seed-7,portfolio_optimize__openeval__hf_94f8112_20260314__psychometric_default__random_cv__seed-7,portfolio_optimize,openeval__hf_94f8112_20260314,OpenEval item-centered repository (Human-Centered Eval OpenEval public dataset snapshot),psychometric_default,psychometric_default,spec-aligned psychometric defaults,random_cv,7,True,openeval__hf_94f8112_20260314__mmlu_pro,False,,0,6,40,49,26,40,True,joint,3.442495078106702,2.601514316411602,0.9963040133290226,1.0,5.38006265854952,4.68806925416588,0.9863102836505973,1.0,3.442495078106702,2.601514316411602,0.9963040133290226,1.0,22.2167537889909,1.1253734159981832,7.270686957985163,4.505933540989645,0.001,0.001,0.01,0.01,0.95,0.95,0.05,0.05,15,15,0.8,0.8
portfolio_optimize::openeval__hf_94f8112_20260314::psychometric_default::random_cv::seed-7,portfolio_optimize__openeval__hf_94f8112_20260314__psychometric_default__random_cv__seed-7,portfolio_optimize,openeval__hf_94f8112_20260314,OpenEval item-centered repository (Human-Centered Eval OpenEval public dataset snapshot),psychometric_default,psychometric_default,spec-aligned psychometric defaults,random_cv,7,True,openeval__hf_94f8112_20260314__omni_math,False,,0,6,40,27,26,27,True,marginal,1.5515011541426107,0.7757594203203602,0.9998940506608334,1.0,1.5515011541426107,0.7757594203203602,0.9998940506608334,1.0,3.744401664978889,2.3882296578925133,0.9997840292187019,0.9486832980505139,22.2167537889909,1.1253734159981832,7.270686957985163,4.505933540989645,0.001,0.001,0.01,0.01,0.95,0.95,0.05,0.05,15,15,0.8,0.8
portfolio_optimize::openeval__hf_94f8112_20260314::psychometric_default::deterministic_info::seed-7,portfolio_optimize__openeval__hf_94f8112_20260314__psychometric_default__deterministic_info__seed-7,portfolio_optimize,openeval__hf_94f8112_20260314,OpenEval item-centered repository (Human-Centered Eval OpenEval public dataset snapshot),psychometric_default,psychometric_default,spec-aligned psychometric defaults,deterministic_info,7,True,openeval__hf_94f8112_20260314__gpqa,False,,0,7,40,43,26,40,True,joint,3.472414039501246,3.263404220345296,0.9961481137436727,0.9486832980505139,8.049959757483332,6.477079950140479,0.973163621413822,0.9486832980505139,3.472414039501246,3.263404220345296,0.9961481137436727,0.9486832980505139,9.595281333778985,0.5425015829969198,0.3599149170331657,3.936612540972419,0.001,0.001,0.01,0.01,0.95,0.95,0.05,0.05,15,15,0.8,0.8
portfolio_optimize::openeval__hf_94f8112_20260314::psychometric_default::deterministic_info::seed-7,portfolio_optimize__openeval__hf_94f8112_20260314__psychometric_default__deterministic_info__seed-7,portfolio_optimize,openeval__hf_94f8112_20260314,OpenEval item-centered repository (Human-Centered Eval OpenEval public dataset snapshot),psychometric_default,psychometric_default,spec-aligned psychometric defaults,deterministic_info,7,True,openeval__hf_94f8112_20260314__ifeval,False,,0,7,40,50,26,40,True,joint,4.573214635811371,3.596377851860119,0.9890708751307903,1.0,10.725401545654906,9.32576553783554,0.9691636946874425,0.7999999999999999,4.573214635811371,3.596377851860119,0.9890708751307903,1.0,9.595281333778985,0.5425015829969198,0.3599149170331657,3.936612540972419,0.001,0.001,0.01,0.01,0.95,0.95,0.05,0.05,15,15,0.8,0.8
portfolio_optimize::openeval__hf_94f8112_20260314::psychometric_default::deterministic_info::seed-7,portfolio_optimize__openeval__hf_94f8112_20260314__psychometric_default__deterministic_info__seed-7,portfolio_optimize,openeval__hf_94f8112_20260314,OpenEval item-centered repository (Human-Centered Eval OpenEval public dataset snapshot),psychometric_default,psychometric_default,spec-aligned psychometric defaults,deterministic_info,7,True,openeval__hf_94f8112_20260314__mmlu_pro,False,,0,7,40,49,26,40,True,joint,3.5024275606753394,3.104531422196206,0.9933323639463955,1.0,19.358512513696173,16.53236995045073,0.7219466845764563,0.7999999999999999,3.5024275606753394,3.104531422196206,0.9933323639463955,1.0,9.595281333778985,0.5425015829969198,0.3599149170331657,3.936612540972419,0.001,0.001,0.01,0.01,0.95,0.95,0.05,0.05,15,15,0.8,0.8
portfolio_optimize::openeval__hf_94f8112_20260314::psychometric_default::deterministic_info::seed-7,portfolio_optimize__openeval__hf_94f8112_20260314__psychometric_default__deterministic_info__seed-7,portfolio_optimize,openeval__hf_94f8112_20260314,OpenEval item-centered repository (Human-Centered Eval OpenEval public dataset snapshot),psychometric_default,psychometric_default,spec-aligned psychometric defaults,deterministic_info,7,True,openeval__hf_94f8112_20260314__omni_math,False,,0,7,40,27,26,27,True,marginal,1.5515011541426107,0.7757594203203602,0.9998940506608334,1.0,1.5515011541426107,0.7757594203203602,0.9998940506608334,1.0,5.893653347309668,3.369575599650049,0.997955879323295,0.9486832980505139,9.595281333778985,0.5425015829969198,0.3599149170331657,3.936612540972419,0.001,0.001,0.01,0.01,0.95,0.95,0.05,0.05,15,15,0.8,0.8
portfolio_optimize::openeval__hf_94f8112_20260314::reconstruction_first::random_cv::seed-7,portfolio_optimize__openeval__hf_94f8112_20260314__reconstruction_first__random_cv__seed-7,portfolio_optimize,openeval__hf_94f8112_20260314,OpenEval item-centered repository (Human-Centered Eval OpenEval public dataset snapshot),reconstruction_first,reconstruction_first,current reconstruction-first defaults,random_cv,7,False,openeval__hf_94f8112_20260314__gpqa,False,,0,7,40,50,26,40,True,joint,6.16387788775503,5.405593933567059,0.9920157616276544,0.7999999999999999,33.98858398409428,27.81433310905925,-0.045021653225125136,-0.39999999999999997,6.16387788775503,5.405593933567059,0.9920157616276544,0.7999999999999999,12.213860539952293,0.5334789999760687,3.359548292006366,3.558288333006203,0.002,0.002,0.0,0.0,0.99,0.99,0.0,0.0,15,15,0.7,0.7
portfolio_optimize::openeval__hf_94f8112_20260314::reconstruction_first::random_cv::seed-7,portfolio_optimize__openeval__hf_94f8112_20260314__reconstruction_first__random_cv__seed-7,portfolio_optimize,openeval__hf_94f8112_20260314,OpenEval item-centered repository (Human-Centered Eval OpenEval public dataset snapshot),reconstruction_first,reconstruction_first,current reconstruction-first defaults,random_cv,7,False,openeval__hf_94f8112_20260314__ifeval,False,,0,7,40,50,26,40,True,marginal,13.998614315125057,9.269784152231534,0.7281854480480301,0.39999999999999997,13.998614315125057,9.269784152231534,0.7281854480480301,0.39999999999999997,6.44715504349297,5.83715447137295,0.9892373544855897,1.0,12.213860539952293,0.5334789999760687,3.359548292006366,3.558288333006203,0.002,0.002,0.0,0.0,0.99,0.99,0.0,0.0,15,15,0.7,0.7
portfolio_optimize::openeval__hf_94f8112_20260314::reconstruction_first::random_cv::seed-7,portfolio_optimize__openeval__hf_94f8112_20260314__reconstruction_first__random_cv__seed-7,portfolio_optimize,openeval__hf_94f8112_20260314,OpenEval item-centered repository (Human-Centered Eval OpenEval public dataset snapshot),reconstruction_first,reconstruction_first,current reconstruction-first defaults,random_cv,7,False,openeval__hf_94f8112_20260314__mmlu_pro,False,,0,7,40,49,26,40,True,joint,2.98985024746082,2.6328672640253865,0.9985419608022951,1.0,5.38006265854952,4.68806925416588,0.9863102836505973,1.0,2.98985024746082,2.6328672640253865,0.9985419608022951,1.0,12.213860539952293,0.5334789999760687,3.359548292006366,3.558288333006203,0.002,0.002,0.0,0.0,0.99,0.99,0.0,0.0,15,15,0.7,0.7
portfolio_optimize::openeval__hf_94f8112_20260314::reconstruction_first::random_cv::seed-7,portfolio_optimize__openeval__hf_94f8112_20260314__reconstruction_first__random_cv__seed-7,portfolio_optimize,openeval__hf_94f8112_20260314,OpenEval item-centered repository (Human-Centered Eval OpenEval public dataset snapshot),reconstruction_first,reconstruction_first,current reconstruction-first defaults,random_cv,7,False,openeval__hf_94f8112_20260314__omni_math,False,,0,7,40,27,26,27,True,marginal,1.5515011541426107,0.7757594203203602,0.9998940506608334,1.0,1.5515011541426107,0.7757594203203602,0.9998940506608334,1.0,6.378403865623425,3.8034174957558733,0.9984785473482999,0.9486832980505139,12.213860539952293,0.5334789999760687,3.359548292006366,3.558288333006203,0.002,0.002,0.0,0.0,0.99,0.99,0.0,0.0,15,15,0.7,0.7
portfolio_optimize::openeval__hf_94f8112_20260314::reconstruction_first::deterministic_info::seed-7,portfolio_optimize__openeval__hf_94f8112_20260314__reconstruction_first__deterministic_info__seed-7,portfolio_optimize,openeval__hf_94f8112_20260314,OpenEval item-centered repository (Human-Centered Eval OpenEval public dataset snapshot),reconstruction_first,reconstruction_first,current reconstruction-first defaults,deterministic_info,7,False,openeval__hf_94f8112_20260314__gpqa,False,,0,7,40,50,26,40,True,joint,5.843876908219136,4.995446361313876,0.9343458014846135,0.7999999999999999,9.889032845411723,8.046406611256238,0.8426908301882279,0.7999999999999999,5.843876908219136,4.995446361313876,0.9343458014846135,0.7999999999999999,8.925607167184353,0.5301661670673639,0.3537132920464501,3.3781152500305325,0.002,0.002,0.0,0.0,0.99,0.99,0.0,0.0,15,15,0.7,0.7
portfolio_optimize::openeval__hf_94f8112_20260314::reconstruction_first::deterministic_info::seed-7,portfolio_optimize__openeval__hf_94f8112_20260314__reconstruction_first__deterministic_info__seed-7,portfolio_optimize,openeval__hf_94f8112_20260314,OpenEval item-centered repository (Human-Centered Eval OpenEval public dataset snapshot),reconstruction_first,reconstruction_first,current reconstruction-first defaults,deterministic_info,7,False,openeval__hf_94f8112_20260314__ifeval,False,,0,7,40,50,26,40,True,joint,4.460179748215127,3.37495388587777,0.9883172561851723,1.0,10.725401545654906,9.32576553783554,0.9691636946874425,0.7999999999999999,4.460179748215127,3.37495388587777,0.9883172561851723,1.0,8.925607167184353,0.5301661670673639,0.3537132920464501,3.3781152500305325,0.002,0.002,0.0,0.0,0.99,0.99,0.0,0.0,15,15,0.7,0.7
portfolio_optimize::openeval__hf_94f8112_20260314::reconstruction_first::deterministic_info::seed-7,portfolio_optimize__openeval__hf_94f8112_20260314__reconstruction_first__deterministic_info__seed-7,portfolio_optimize,openeval__hf_94f8112_20260314,OpenEval item-centered repository (Human-Centered Eval OpenEval public dataset snapshot),reconstruction_first,reconstruction_first,current reconstruction-first defaults,deterministic_info,7,False,openeval__hf_94f8112_20260314__mmlu_pro,False,,0,7,40,49,26,40,True,joint,3.446556679575536,2.875104009990598,0.99390809937622,1.0,19.358512513696173,16.53236995045073,0.7219466845764563,0.7999999999999999,3.446556679575536,2.875104009990598,0.99390809937622,1.0,8.925607167184353,0.5301661670673639,0.3537132920464501,3.3781152500305325,0.002,0.002,0.0,0.0,0.99,0.99,0.0,0.0,15,15,0.7,0.7
portfolio_optimize::openeval__hf_94f8112_20260314::reconstruction_first::deterministic_info::seed-7,portfolio_optimize__openeval__hf_94f8112_20260314__reconstruction_first__deterministic_info__seed-7,portfolio_optimize,openeval__hf_94f8112_20260314,OpenEval item-centered repository (Human-Centered Eval OpenEval public dataset snapshot),reconstruction_first,reconstruction_first,current reconstruction-first defaults,deterministic_info,7,False,openeval__hf_94f8112_20260314__omni_math,False,,0,7,40,27,26,27,True,marginal,1.5515011541426107,0.7757594203203602,0.9998940506608334,1.0,1.5515011541426107,0.7757594203203602,0.9998940506608334,1.0,5.774498704356565,3.3762030336068705,0.9987706239805113,0.9486832980505139,8.925607167184353,0.5301661670673639,0.3537132920464501,3.3781152500305325,0.002,0.002,0.0,0.0,0.99,0.99,0.0,0.0,15,15,0.7,0.7
portfolio_optimize::openeval__hf_94f8112_20260314::reconstruction_first_relaxed::deterministic_info::seed-7,portfolio_optimize__openeval__hf_94f8112_20260314__reconstruction_first_relaxed__deterministic_info__seed-7,portfolio_optimize,openeval__hf_94f8112_20260314,OpenEval item-centered repository (Human-Centered Eval OpenEval public dataset snapshot),reconstruction_first_relaxed,reconstruction_first_relaxed,reconstruction-first without the low-tail trim,deterministic_info,7,False,openeval__hf_94f8112_20260314__gpqa,False,,0,7,40,50,26,40,True,joint,5.843876908219136,4.995446361313876,0.9343458014846135,0.7999999999999999,9.889032845411723,8.046406611256238,0.8426908301882279,0.7999999999999999,5.843876908219136,4.995446361313876,0.9343458014846135,0.7999999999999999,9.022555748815648,0.6023912079399452,0.35074733302462846,3.4150573330698535,0.0,0.0,0.0,0.0,0.99,0.99,0.0,0.0,15,15,0.7,0.7
portfolio_optimize::openeval__hf_94f8112_20260314::reconstruction_first_relaxed::deterministic_info::seed-7,portfolio_optimize__openeval__hf_94f8112_20260314__reconstruction_first_relaxed__deterministic_info__seed-7,portfolio_optimize,openeval__hf_94f8112_20260314,OpenEval item-centered repository (Human-Centered Eval OpenEval public dataset snapshot),reconstruction_first_relaxed,reconstruction_first_relaxed,reconstruction-first without the low-tail trim,deterministic_info,7,False,openeval__hf_94f8112_20260314__ifeval,False,,0,7,40,50,26,40,True,joint,4.460179748215127,3.37495388587777,0.9883172561851723,1.0,10.725401545654906,9.32576553783554,0.9691636946874425,0.7999999999999999,4.460179748215127,3.37495388587777,0.9883172561851723,1.0,9.022555748815648,0.6023912079399452,0.35074733302462846,3.4150573330698535,0.0,0.0,0.0,0.0,0.99,0.99,0.0,0.0,15,15,0.7,0.7
portfolio_optimize::openeval__hf_94f8112_20260314::reconstruction_first_relaxed::deterministic_info::seed-7,portfolio_optimize__openeval__hf_94f8112_20260314__reconstruction_first_relaxed__deterministic_info__seed-7,portfolio_optimize,openeval__hf_94f8112_20260314,OpenEval item-centered repository (Human-Centered Eval OpenEval public dataset snapshot),reconstruction_first_relaxed,reconstruction_first_relaxed,reconstruction-first without the low-tail trim,deterministic_info,7,False,openeval__hf_94f8112_20260314__mmlu_pro,False,,0,7,40,49,26,40,True,joint,3.446556679575536,2.875104009990598,0.99390809937622,1.0,19.358512513696173,16.53236995045073,0.7219466845764563,0.7999999999999999,3.446556679575536,2.875104009990598,0.99390809937622,1.0,9.022555748815648,0.6023912079399452,0.35074733302462846,3.4150573330698535,0.0,0.0,0.0,0.0,0.99,0.99,0.0,0.0,15,15,0.7,0.7
portfolio_optimize::openeval__hf_94f8112_20260314::reconstruction_first_relaxed::deterministic_info::seed-7,portfolio_optimize__openeval__hf_94f8112_20260314__reconstruction_first_relaxed__deterministic_info__seed-7,portfolio_optimize,openeval__hf_94f8112_20260314,OpenEval item-centered repository (Human-Centered Eval OpenEval public dataset snapshot),reconstruction_first_relaxed,reconstruction_first_relaxed,reconstruction-first without the low-tail trim,deterministic_info,7,False,openeval__hf_94f8112_20260314__omni_math,False,,0,7,40,27,26,27,True,marginal,1.5515011541426107,0.7757594203203602,0.9998940506608334,1.0,1.5515011541426107,0.7757594203203602,0.9998940506608334,1.0,5.774498704356565,3.3762030336068705,0.9987706239805113,0.9486832980505139,9.022555748815648,0.6023912079399452,0.35074733302462846,3.4150573330698535,0.0,0.0,0.0,0.0,0.99,0.99,0.0,0.0,15,15,0.7,0.7
portfolio_optimize::openeval__hf_94f8112_20260314::minimal_cleaning::deterministic_info::seed-7,portfolio_optimize__openeval__hf_94f8112_20260314__minimal_cleaning__deterministic_info__seed-7,portfolio_optimize,openeval__hf_94f8112_20260314,OpenEval item-centered repository (Human-Centered Eval OpenEval public dataset snapshot),minimal_cleaning,minimal_cleaning,minimal cleaning challenger,deterministic_info,7,False,openeval__hf_94f8112_20260314__gpqa,False,,0,7,40,50,26,40,True,joint,5.843876908219136,4.995446361313876,0.9343458014846135,0.7999999999999999,9.889032845411723,8.046406611256238,0.8426908301882279,0.7999999999999999,5.843876908219136,4.995446361313876,0.9343458014846135,0.7999999999999999,11.324960708850995,0.5236680830130354,0.34847554191946983,4.852833208977245,0.0,0.0,0.0,0.0,1.0,1.0,0.0,0.0,1,8,0.7,0.7
portfolio_optimize::openeval__hf_94f8112_20260314::minimal_cleaning::deterministic_info::seed-7,portfolio_optimize__openeval__hf_94f8112_20260314__minimal_cleaning__deterministic_info__seed-7,portfolio_optimize,openeval__hf_94f8112_20260314,OpenEval item-centered repository (Human-Centered Eval OpenEval public dataset snapshot),minimal_cleaning,minimal_cleaning,minimal cleaning challenger,deterministic_info,7,False,openeval__hf_94f8112_20260314__ifeval,False,,0,7,40,50,26,40,True,joint,4.460179748215127,3.37495388587777,0.9883172561851723,1.0,10.725401545654906,9.32576553783554,0.9691636946874425,0.7999999999999999,4.460179748215127,3.37495388587777,0.9883172561851723,1.0,11.324960708850995,0.5236680830130354,0.34847554191946983,4.852833208977245,0.0,0.0,0.0,0.0,1.0,1.0,0.0,0.0,1,8,0.7,0.7
portfolio_optimize::openeval__hf_94f8112_20260314::minimal_cleaning::deterministic_info::seed-7,portfolio_optimize__openeval__hf_94f8112_20260314__minimal_cleaning__deterministic_info__seed-7,portfolio_optimize,openeval__hf_94f8112_20260314,OpenEval item-centered repository (Human-Centered Eval OpenEval public dataset snapshot),minimal_cleaning,minimal_cleaning,minimal cleaning challenger,deterministic_info,7,False,openeval__hf_94f8112_20260314__mmlu_pro,False,,0,7,40,49,26,40,True,joint,3.446556679575536,2.875104009990598,0.99390809937622,1.0,19.358512513696173,16.53236995045073,0.7219466845764563,0.7999999999999999,3.446556679575536,2.875104009990598,0.99390809937622,1.0,11.324960708850995,0.5236680830130354,0.34847554191946983,4.852833208977245,0.0,0.0,0.0,0.0,1.0,1.0,0.0,0.0,1,8,0.7,0.7
portfolio_optimize::openeval__hf_94f8112_20260314::minimal_cleaning::deterministic_info::seed-7,portfolio_optimize__openeval__hf_94f8112_20260314__minimal_cleaning__deterministic_info__seed-7,portfolio_optimize,openeval__hf_94f8112_20260314,OpenEval item-centered repository (Human-Centered Eval OpenEval public dataset snapshot),minimal_cleaning,minimal_cleaning,minimal cleaning challenger,deterministic_info,7,False,openeval__hf_94f8112_20260314__omni_math,False,,0,7,40,27,26,27,True,marginal,1.5515011541426107,0.7757594203203602,0.9998940506608334,1.0,1.5515011541426107,0.7757594203203602,0.9998940506608334,1.0,5.774498704356565,3.3762030336068705,0.9987706239805113,0.9486832980505139,11.324960708850995,0.5236680830130354,0.34847554191946983,4.852833208977245,0.0,0.0,0.0,0.0,1.0,1.0,0.0,0.0,1,8,0.7,0.7
portfolio_optimize::helm_objective__capabilities_v1_0_0::psychometric_default::random_cv::seed-7,portfolio_optimize__helm_objective__capabilities_v1_0_0__psychometric_default__random_cv__seed-7,portfolio_optimize,helm_objective__capabilities_v1_0_0,HELM objective subset (HELM Capabilities v1.0.0 objective subset),psychometric_default,psychometric_default,spec-aligned psychometric defaults,random_cv,7,True,helm_objective__capabilities_v1_0_0__gpqa,False,,0,4,23,43,22,24,True,joint,8.675343787777816,7.538050884905826,0.9544403245951818,0.5,12.012039378243626,10.382719869960518,0.2973948176143099,-0.5,8.675343787777816,7.538050884905826,0.9544403245951818,0.5,6.658365707146004,0.3250730000436306,1.7832716669654474,1.9111611669650301,0.001,0.001,0.01,0.01,0.95,0.95,0.05,0.05,10,10,0.8,0.8
portfolio_optimize::helm_objective__capabilities_v1_0_0::psychometric_default::random_cv::seed-7,portfolio_optimize__helm_objective__capabilities_v1_0_0__psychometric_default__random_cv__seed-7,portfolio_optimize,helm_objective__capabilities_v1_0_0,HELM objective subset (HELM Capabilities v1.0.0 objective subset),psychometric_default,psychometric_default,spec-aligned psychometric defaults,random_cv,7,True,helm_objective__capabilities_v1_0_0__mmlu_pro,False,,0,4,23,38,22,24,True,joint,8.985290069843234,7.240635917232786,0.9529908668492693,1.0,5.7715035920579965,5.5048498601248,0.9964697707027628,1.0,8.985290069843234,7.240635917232786,0.9529908668492693,1.0,6.658365707146004,0.3250730000436306,1.7832716669654474,1.9111611669650301,0.001,0.001,0.01,0.01,0.95,0.95,0.05,0.05,10,10,0.8,0.8
portfolio_optimize::helm_objective__capabilities_v1_0_0::psychometric_default::deterministic_info::seed-7,portfolio_optimize__helm_objective__capabilities_v1_0_0__psychometric_default__deterministic_info__seed-7,portfolio_optimize,helm_objective__capabilities_v1_0_0,HELM objective subset (HELM Capabilities v1.0.0 objective subset),psychometric_default,psychometric_default,spec-aligned psychometric defaults,deterministic_info,7,True,helm_objective__capabilities_v1_0_0__gpqa,False,,0,4,23,43,22,24,True,marginal,2.695048195314269,2.3824443766790893,0.9695472343125239,1.0,2.695048195314269,2.3824443766790893,0.9695472343125239,1.0,8.082422321645513,6.715923390529103,0.8631761632944409,1.0,5.232927622040734,0.40570666594430804,0.31750679097604007,1.9660561670316383,0.001,0.001,0.01,0.01,0.95,0.95,0.05,0.05,10,10,0.8,0.8
portfolio_optimize::helm_objective__capabilities_v1_0_0::psychometric_default::deterministic_info::seed-7,portfolio_optimize__helm_objective__capabilities_v1_0_0__psychometric_default__deterministic_info__seed-7,portfolio_optimize,helm_objective__capabilities_v1_0_0,HELM objective subset (HELM Capabilities v1.0.0 objective subset),psychometric_default,psychometric_default,spec-aligned psychometric defaults,deterministic_info,7,True,helm_objective__capabilities_v1_0_0__mmlu_pro,False,,0,4,23,38,22,24,True,marginal,6.295441594456257,5.874259335562055,0.9991049319347794,1.0,6.295441594456257,5.874259335562055,0.9991049319347794,1.0,4.861881168786159,4.253565166053374,0.9950189380789728,1.0,5.232927622040734,0.40570666594430804,0.31750679097604007,1.9660561670316383,0.001,0.001,0.01,0.01,0.95,0.95,0.05,0.05,10,10,0.8,0.8
portfolio_optimize::helm_objective__capabilities_v1_0_0::reconstruction_first::random_cv::seed-7,portfolio_optimize__helm_objective__capabilities_v1_0_0__reconstruction_first__random_cv__seed-7,portfolio_optimize,helm_objective__capabilities_v1_0_0,HELM objective subset (HELM Capabilities v1.0.0 objective subset),reconstruction_first,reconstruction_first,current reconstruction-first defaults,random_cv,7,False,helm_objective__capabilities_v1_0_0__gpqa,False,,0,4,23,47,22,24,True,marginal,10.246967412856057,7.948965470313934,0.9229523383961654,1.0,10.246967412856057,7.948965470313934,0.9229523383961654,1.0,7.969490553723089,7.119199345446664,0.7040641556782127,1.0,7.51514066697564,0.3145058749942109,1.8406276250025257,2.7970897919731215,0.002,0.002,0.0,0.0,0.99,0.99,0.0,0.0,10,10,0.7,0.7
portfolio_optimize::helm_objective__capabilities_v1_0_0::reconstruction_first::random_cv::seed-7,portfolio_optimize__helm_objective__capabilities_v1_0_0__reconstruction_first__random_cv__seed-7,portfolio_optimize,helm_objective__capabilities_v1_0_0,HELM objective subset (HELM Capabilities v1.0.0 objective subset),reconstruction_first,reconstruction_first,current reconstruction-first defaults,random_cv,7,False,helm_objective__capabilities_v1_0_0__mmlu_pro,False,,0,4,23,43,22,24,True,joint,2.8221109863472043,2.3765365962811464,0.9904984961650463,1.0,5.725305840963262,4.290586955925366,0.9864640037799355,1.0,2.8221109863472043,2.3765365962811464,0.9904984961650463,1.0,7.51514066697564,0.3145058749942109,1.8406276250025257,2.7970897919731215,0.002,0.002,0.0,0.0,0.99,0.99,0.0,0.0,10,10,0.7,0.7
portfolio_optimize::helm_objective__capabilities_v1_0_0::reconstruction_first::deterministic_info::seed-7,portfolio_optimize__helm_objective__capabilities_v1_0_0__reconstruction_first__deterministic_info__seed-7,portfolio_optimize,helm_objective__capabilities_v1_0_0,HELM objective subset (HELM Capabilities v1.0.0 objective subset),reconstruction_first,reconstruction_first,current reconstruction-first defaults,deterministic_info,7,False,helm_objective__capabilities_v1_0_0__gpqa,False,,0,4,23,47,22,24,True,marginal,1.3555528464743625,1.2686269760535016,0.9978703868352322,1.0,1.3555528464743625,1.2686269760535016,0.9978703868352322,1.0,5.431331655684122,4.086733509952135,0.9526537678377859,1.0,4.574299292056821,0.3505960420006886,0.21890874998643994,2.111725667025894,0.002,0.002,0.0,0.0,0.99,0.99,0.0,0.0,10,10,0.7,0.7
portfolio_optimize::helm_objective__capabilities_v1_0_0::reconstruction_first::deterministic_info::seed-7,portfolio_optimize__helm_objective__capabilities_v1_0_0__reconstruction_first__deterministic_info__seed-7,portfolio_optimize,helm_objective__capabilities_v1_0_0,HELM objective subset (HELM Capabilities v1.0.0 objective subset),reconstruction_first,reconstruction_first,current reconstruction-first defaults,deterministic_info,7,False,helm_objective__capabilities_v1_0_0__mmlu_pro,False,,0,4,23,43,22,24,True,marginal,6.6076581160704,6.563681119967243,0.999240695774198,1.0,6.6076581160704,6.563681119967243,0.999240695774198,1.0,6.493388704692578,5.541492275922835,0.9867436320618896,1.0,4.574299292056821,0.3505960420006886,0.21890874998643994,2.111725667025894,0.002,0.002,0.0,0.0,0.99,0.99,0.0,0.0,10,10,0.7,0.7
portfolio_optimize::helm_objective__capabilities_v1_0_0::reconstruction_first_relaxed::deterministic_info::seed-7,portfolio_optimize__helm_objective__capabilities_v1_0_0__reconstruction_first_relaxed__deterministic_info__seed-7,portfolio_optimize,helm_objective__capabilities_v1_0_0,HELM objective subset (HELM Capabilities v1.0.0 objective subset),reconstruction_first_relaxed,reconstruction_first_relaxed,reconstruction-first without the low-tail trim,deterministic_info,7,False,helm_objective__capabilities_v1_0_0__gpqa,False,,0,4,23,47,22,24,True,marginal,1.3555528464743625,1.2686269760535016,0.9978703868352322,1.0,1.3555528464743625,1.2686269760535016,0.9978703868352322,1.0,5.431331655684122,4.086733509952135,0.9526537678377859,1.0,5.107951249578036,0.3932634158991277,0.23092233296483755,2.2279822499258444,0.0,0.0,0.0,0.0,0.99,0.99,0.0,0.0,10,10,0.7,0.7
portfolio_optimize::helm_objective__capabilities_v1_0_0::reconstruction_first_relaxed::deterministic_info::seed-7,portfolio_optimize__helm_objective__capabilities_v1_0_0__reconstruction_first_relaxed__deterministic_info__seed-7,portfolio_optimize,helm_objective__capabilities_v1_0_0,HELM objective subset (HELM Capabilities v1.0.0 objective subset),reconstruction_first_relaxed,reconstruction_first_relaxed,reconstruction-first without the low-tail trim,deterministic_info,7,False,helm_objective__capabilities_v1_0_0__mmlu_pro,False,,0,4,23,43,22,24,True,marginal,6.6076581160704,6.563681119967243,0.999240695774198,1.0,6.6076581160704,6.563681119967243,0.999240695774198,1.0,6.493388704692578,5.541492275922835,0.9867436320618896,1.0,5.107951249578036,0.3932634158991277,0.23092233296483755,2.2279822499258444,0.0,0.0,0.0,0.0,0.99,0.99,0.0,0.0,10,10,0.7,0.7
portfolio_optimize::helm_objective__capabilities_v1_0_0::minimal_cleaning::deterministic_info::seed-7,portfolio_optimize__helm_objective__capabilities_v1_0_0__minimal_cleaning__deterministic_info__seed-7,portfolio_optimize,helm_objective__capabilities_v1_0_0,HELM objective subset (HELM Capabilities v1.0.0 objective subset),minimal_cleaning,minimal_cleaning,minimal cleaning challenger,deterministic_info,7,False,helm_objective__capabilities_v1_0_0__gpqa,False,,0,4,23,47,22,24,True,marginal,1.3555528464743625,1.2686269760535016,0.9978703868352322,1.0,1.3555528464743625,1.2686269760535016,0.9978703868352322,1.0,5.431331655684122,4.086733509952135,0.9526537678377859,1.0,5.547011791844852,0.40517762501258403,0.2135547089856118,2.299723041942343,0.0,0.0,0.0,0.0,1.0,1.0,0.0,0.0,1,5,0.7,0.7
portfolio_optimize::helm_objective__capabilities_v1_0_0::minimal_cleaning::deterministic_info::seed-7,portfolio_optimize__helm_objective__capabilities_v1_0_0__minimal_cleaning__deterministic_info__seed-7,portfolio_optimize,helm_objective__capabilities_v1_0_0,HELM objective subset (HELM Capabilities v1.0.0 objective subset),minimal_cleaning,minimal_cleaning,minimal cleaning challenger,deterministic_info,7,False,helm_objective__capabilities_v1_0_0__mmlu_pro,False,,0,4,23,43,22,24,True,marginal,6.6076581160704,6.563681119967243,0.999240695774198,1.0,6.6076581160704,6.563681119967243,0.999240695774198,1.0,6.493388704692578,5.541492275922835,0.9867436320618896,1.0,5.547011791844852,0.40517762501258403,0.2135547089856118,2.299723041942343,0.0,0.0,0.0,0.0,1.0,1.0,0.0,0.0,1,5,0.7,0.7
